title,score,num_comments,engagement_level,category,subreddit,author,created_utc,url
Imane Khelif poses with her Gold medal after the 2024 Paris Olympics.,53002,6613,High,General,pics,cmaia1503,2024-08-13 19:39:17,https://www.reddit.com/r/pics/comments/1er8uik/imane_khelif_poses_with_her_gold_medal_after_the/
"USA, a country so obsessed with guns, has so far won 0 medals in shooting Olympics 2024",76712,7347,High,General,interestingasfuck,krnranger,2024-07-29 22:26:29,https://www.reddit.com/r/interestingasfuck/comments/1ef4lku/usa_a_country_so_obsessed_with_guns_has_so_far/
Most controversial pic from olympics 2024,37934,8146,High,General,pics,SumneOndHakbekalva,2024-07-28 21:09:21,https://www.reddit.com/r/pics/comments/1eeaa5m/most_controversial_pic_from_olympics_2024/
Talent Like This Is What Should Have Been In The Olympics 2024,34068,1070,High,General,nextfuckinglevel,ourearsan,2024-10-14 18:33:49,https://www.reddit.com/r/nextfuckinglevel/comments/1g3f8w0/talent_like_this_is_what_should_have_been_in_the/
USA and China tie for most gold medals in the 2024 Summer Olympics,25120,1997,High,General,news,CrispyMiner,2024-08-11 23:20:10,https://www.reddit.com/r/news/comments/1epqvq1/usa_and_china_tie_for_most_gold_medals_in_the/
Paralympic breakdancing at PARIS Olympics 2024,58283,980,High,General,interestingasfuck,RPT4STIC,2024-08-31 09:55:46,https://www.reddit.com/r/interestingasfuck/comments/1f5ez3o/paralympic_breakdancing_at_paris_olympics_2024/
The kiss between gold medal's winner Alice Bellandi and her girlfriend at the 2024 Paris Olympics.,58547,1267,High,General,AccidentalRenaissance,umbertocsaba,2024-08-03 19:59:15,https://www.reddit.com/r/AccidentalRenaissance/comments/1ej4nz8/the_kiss_between_gold_medals_winner_alice/
"Olympics 2024 Gold Medal Match: N. Djokovic def. C. Alcaraz: 7-6(3), 7-6(2).",17470,2405,High,General,tennis,padfoony,2024-08-04 20:31:50,https://www.reddit.com/r/tennis/comments/1ejx9ok/olympics_2024_gold_medal_match_n_djokovic_def_c/
Countries banned from the Olympics (1920-2024) and their reasoning.,11851,2608,High,General,MapPorn,extraordinary_days,2024-08-13 20:46:29,https://www.reddit.com/r/MapPorn/comments/1eraie5/countries_banned_from_the_olympics_19202024_and/
The most disrespectful action in Judo so far in the 2024 Olympics. (FRA vs GEO Quarter-Final),18569,1430,High,General,olympics,xxStefanxx1,2024-08-02 18:35:34,https://www.reddit.com/r/olympics/comments/1ei9kno/the_most_disrespectful_action_in_judo_so_far_in/
Two contrasting attitude towards Monarchy. London's 2012 Olympics Opening Ceremony vs Paris 2024,29493,1058,High,Ceremonies,interestingasfuck,FinisGloriaeMundi,2024-07-27 02:46:37,https://www.reddit.com/r/interestingasfuck/comments/1ecz79g/two_contrasting_attitude_towards_monarchy_londons/
Team Mongolia Uniforms for the 2024 Paris Olympics,66793,944,High,Teams,pics,ukayukay69,2024-07-14 14:19:53,https://www.reddit.com/r/pics/comments/1e2xlrh/team_mongolia_uniforms_for_the_2024_paris_olympics/
Speed in 1924 vs. 2024: How much faster is today's Olympic gold medalist compared to 100 years ago? The progress might surprise you.,26796,894,High,General,interestingasfuck,VideoCard7,2024-08-10 10:35:09,https://www.reddit.com/r/interestingasfuck/comments/1eokz8s/speed_in_1924_vs_2024_how_much_faster_is_todays/
United States Flagbearer LeBron James and Team USA weathering the rain during the 2024 Paris Olympics Opening Ceremony,25912,963,High,Ceremonies,nba,sewsgup,2024-07-27 01:40:32,https://www.reddit.com/r/nba/comments/1ecxo2j/united_states_flagbearer_lebron_james_and_team/
"Imane Khelif is the first Algerian, Arab and African woman to win boxing gold at Olympics, 9/8/2024",12655,1200,High,General,pics,guyoffthegrid,2024-08-10 06:41:36,https://www.reddit.com/r/pics/comments/1eogl1t/imane_khelif_is_the_first_algerian_arab_and/
The gold medal awarded at the Paris Olympics 2024,30528,726,High,General,Damnthatsinteresting,TheMillieDWay,2024-08-07 22:49:13,https://www.reddit.com/r/Damnthatsinteresting/comments/1emhn4z/the_gold_medal_awarded_at_the_paris_olympics_2024/
"13 years, same mentality - World cup series 2011 (1st) and Paris olympics 2024 (2nd)",38253,657,High,General,interestingasfuck,Which-Assignment-184,2024-08-02 20:50:24,https://www.reddit.com/r/interestingasfuck/comments/1eicrmm/13_years_same_mentality_world_cup_series_2011_1st/
Olympic gold medal 1908: 100% Gold vs 2024: 1% Gold,28039,582,High,General,interestingasfuck,Which-Assignment-184,2024-08-11 13:34:11,https://www.reddit.com/r/interestingasfuck/comments/1epfkhv/olympic_gold_medal_1908_100_gold_vs_2024_1_gold/
1936 Berlin Olympics VS 2024 Moscow Ski Competition,45867,2685,High,General,europe,reddit-return3,2024-02-12 18:52:59,https://www.reddit.com/r/europe/comments/1aozwyh/1936_berlin_olympics_vs_2024_moscow_ski/
Stunning venues at the Paris Olympics 2024,14554,704,High,Infrastructure,olympics,Agreeable_Ad_8576,2024-08-12 18:59:52,https://www.reddit.com/r/olympics/comments/1eqdrye/stunning_venues_at_the_paris_olympics_2024/
The weirdest and best moments of the Opening Ceremony of the 2024 Olympics,9533,1134,High,Ceremonies,popculturechat,Potato3487,2024-07-27 03:00:35,https://www.reddit.com/r/popculturechat/comments/1eczitt/the_weirdest_and_best_moments_of_the_opening/
2024 Olympics gold medal unboxing. (@imogendaisyg),22000,534,High,General,interestingasfuck,873589,2024-08-09 18:14:32,https://www.reddit.com/r/interestingasfuck/comments/1enyqye/2024_olympics_gold_medal_unboxing_imogendaisyg/
"13 years, same mentality - World cup series 2011 (1st) and Paris olympics 2024 (2nd)",28892,487,High,General,Damnthatsinteresting,ShaanJohari1,2024-08-02 19:04:07,https://www.reddit.com/r/Damnthatsinteresting/comments/1eia6yo/13_years_same_mentality_world_cup_series_2011_1st/
Olympic gold medal 1908: 100% Gold vs 2024: 1% Gold,18521,523,High,General,pics,mr9t9,2024-08-11 10:47:49,https://www.reddit.com/r/pics/comments/1epcz8u/olympic_gold_medal_1908_100_gold_vs_2024_1_gold/
Some of the outfits that will be worn at the opening ceremony of the 2024 Paris Olympics.,7202,1320,High,Ceremonies,whatthefrockk,Rude_Lifeguard,2024-07-14 22:52:43,https://www.reddit.com/r/whatthefrockk/comments/1e37rfv/some_of_the_outfits_that_will_be_worn_at_the/
"What the f*ck, Paris Olympics?",9091,684,High,General,WTF,QuoiJe,2024-07-27 01:38:49,https://www.reddit.com/r/WTF/comments/1ecxmm7/what_the_fck_paris_olympics/
Tom cruise hands off Paris Olympics to Los Angeles in mission impossible style,62338,3429,High,General,nextfuckinglevel,Lazy_raichu36,2024-08-12 11:58:22,https://www.reddit.com/r/nextfuckinglevel/comments/1eq6myb/tom_cruise_hands_off_paris_olympics_to_los/
Paris 2024 was an Olympics of style! ✨,1712,134,High,General,olympics,WorldLyricss,2024-08-19 10:10:59,https://www.reddit.com/r/olympics/comments/1evtaeh/paris_2024_was_an_olympics_of_style/
The Egyptian women's beach volleyball team vs Spain at the Paris Olympics,53698,4354,High,Teams,interestingasfuck,Which-Assignment-184,2024-08-04 02:22:54,https://www.reddit.com/r/interestingasfuck/comments/1ejdntb/the_egyptian_womens_beach_volleyball_team_vs/
Simply sensational. The most beautiful moments of the Paris 2024 Olympics ❤️,7643,159,High,General,olympics,Chrigui_92,2024-08-20 20:40:25,https://www.reddit.com/r/olympics/comments/1ewy2pf/simply_sensational_the_most_beautiful_moments_of/
How is Paris 2024 compared to previous olympics ?,19,49,Medium,General,Paris2024,TastyMagma,2024-08-08 00:33:16,https://www.reddit.com/r/Paris2024/comments/1emkbe4/how_is_paris_2024_compared_to_previous_olympics/
Paris so far has been a terrible experience,776,321,High,General,Paris2024,GoalLower,2024-07-27 21:58:09,https://www.reddit.com/r/Paris2024/comments/1edkbts/paris_so_far_has_been_a_terrible_experience/
Imane Khelif has won the gold medal at the Olympics in Paris.,85105,7748,High,General,interestingasfuck,SAM041287,2024-08-10 02:53:54,https://www.reddit.com/r/interestingasfuck/comments/1eobg7d/imane_khelif_has_won_the_gold_medal_at_the/
Raygun ranked world number one after Paris Olympics controversy,32142,2260,High,General,nottheonion,Bigringcycling,2024-09-10 00:58:07,https://www.reddit.com/r/nottheonion/comments/1fcy2gg/raygun_ranked_world_number_one_after_paris/
"Vinesh Phogat has been disqualified from Paris Olympics as she weighed 100 grams more than 50kg, She will miss out on the medal and will be ranked last",42785,3022,High,General,interestingasfuck,Which-Assignment-184,2024-08-07 22:19:10,https://www.reddit.com/r/interestingasfuck/comments/1emgv6z/vinesh_phogat_has_been_disqualified_from_paris/
Simone’s Opening Pass at the Paris Olympics,65664,2367,High,Ceremonies,nextfuckinglevel,Mint_Perspective,2024-07-31 21:41:18,https://www.reddit.com/r/nextfuckinglevel/comments/1egr40t/simones_opening_pass_at_the_paris_olympics/
TIL the Eiffel Tower was repainted for the Paris Olympics. It cost an estimated $60 million dollars. 25 painters a day for 18 months straight. It’s the 20th time it’s been repainted.,24635,462,High,General,todayilearned,taltank,2025-01-01 20:46:49,https://www.reddit.com/r/todayilearned/comments/1hr4u6g/til_the_eiffel_tower_was_repainted_for_the_paris/
Peacock Lost $436 Million in Paris Olympics Quarter,15805,1032,High,General,television,indig0sixalpha,2024-10-31 17:55:17,https://www.reddit.com/r/television/comments/1ggd8ip/peacock_lost_436_million_in_paris_olympics_quarter/
"TIL that after Filipino gymnast Carlos Yulo won double gold at the Paris Olympics his gifts included a fully furnished three-bedroom home worth US$552,802, a lifetime supplies of free buffets, a lifetime supply of phone cases and free endoscopic procedures for when he turned 45.",36358,398,High,General,todayilearned,EssexGuyUpNorth,2025-01-03 03:50:55,https://www.reddit.com/r/todayilearned/comments/1hs69oa/til_that_after_filipino_gymnast_carlos_yulo_won/
Raygun sends heartbreaking message after Olympic Games disaster as viral breakdancer addresses wild conspiracy theory in wake of Paris performance,12692,2867,High,General,olympics,dailymail,2024-08-15 16:57:25,https://www.reddit.com/r/olympics/comments/1essq56/raygun_sends_heartbreaking_message_after_olympic/
Snoop Dogg carries the Olympic torch ahead of Friday night’s opening ceremony in Paris,43658,1269,High,Ceremonies,MadeMeSmile,rosseepoo,2024-07-26 20:18:11,https://www.reddit.com/r/MadeMeSmile/comments/1ecpy21/snoop_dogg_carries_the_olympic_torch_ahead_of/
"Olympic Gold Medal winner found sleeping in the park after complaining ""bad olympic village conditions"" in Paris.",27451,1308,High,General,interestingasfuck,Neither-Secretary-22,2024-08-05 19:42:57,https://www.reddit.com/r/interestingasfuck/comments/1ekotyw/olympic_gold_medal_winner_found_sleeping_in_the/
Child Rapist Cries After Being Booed at Paris Olympics,20396,1340,High,General,Fauxmoi,Miss-Figgy,2024-08-13 20:18:25,https://www.reddit.com/r/Fauxmoi/comments/1er9sd5/child_rapist_cries_after_being_booed_at_paris/
Olympic flag raised upside down at the paris olympics,38794,1182,High,General,funny,OeeOeeQQ,2024-07-27 03:54:47,https://www.reddit.com/r/funny/comments/1ed0r8j/olympic_flag_raised_upside_down_at_the_paris/
Imane Khelif's Homecoming Parade After Winning Gold at the Paris Olympics,35925,921,High,General,pics,PhoneOwn615,2024-08-17 23:59:41,https://www.reddit.com/r/pics/comments/1euoia7/imane_khelifs_homecoming_parade_after_winning/
The Olympic Games in 1908.,3368,186,High,General,SnapshotHistory,KindheartednessIll97,2024-07-27 06:26:04,https://www.reddit.com/r/SnapshotHistory/comments/1ed3ymx/the_olympic_games_in_1908/
Do you think they should bring back the Mario and Sonic Olympic Games?,13,8,Low,General,SonicTheHedgehog,House0fmouseworks,2025-01-25 09:25:29,https://www.reddit.com/r/SonicTheHedgehog/comments/1i9eh2j/do_you_think_they_should_bring_back_the_mario_and/
All character icons from Sonic at the Olympic games 2020.,160,53,Medium,General,SonicTheHedgehog,DestroyChaos,2020-05-08 09:53:54,https://www.reddit.com/r/SonicTheHedgehog/comments/gfm9tj/all_character_icons_from_sonic_at_the_olympic/
"Olympic and commonwealth hurdle athlete, Wendy Jeal (aka ""the woman with the steel legs"") training for the 1988 Seoul games.",28009,687,High,Teams,OldSchoolCool,Electrical-Aspect-13,2024-12-30 00:45:31,https://www.reddit.com/r/OldSchoolCool/comments/1hp3cmm/olympic_and_commonwealth_hurdle_athlete_wendy/
"No, Breaking Will Not Return as an Olympic Sport in the 2028 Los Angeles Games",25980,2439,High,General,sports,cmaia1503,2024-08-12 23:52:03,https://www.reddit.com/r/sports/comments/1eql6fa/no_breaking_will_not_return_as_an_olympic_sport/
[Post Game Thread] USA defeats Serbia 95-91 behind Steph Curry's 36 point (9/14 3pt) and Joel Embiid's 19pts/4reb/2ast performances to face France in the Olympic Gold Medal Match,11900,3283,High,General,nba,awkotacos,2024-08-09 02:17:27,https://www.reddit.com/r/nba/comments/1engw3m/post_game_thread_usa_defeats_serbia_9591_behind/
Trump says transgender athletes will not be permitted entry to 2028 Olympic Game,5911,488,High,Teams,olympics,LawAndMortar,2025-02-06 05:17:04,https://www.reddit.com/r/olympics/comments/1iioney/trump_says_transgender_athletes_will_not_be/
Why in the Olympic Games do female athletes (specifically water events and gymnastics) wear leotards that reveal the glutes while males do not?,12669,2005,High,Teams,NoStupidQuestions,thebeardlywoodsman,2024-07-30 17:55:23,https://www.reddit.com/r/NoStupidQuestions/comments/1efs0dr/why_in_the_olympic_games_do_female_athletes/
"Paris Olympics: Imane Khelif, boxer engulfed in gender controversy throughout Games, wins gold",12559,1347,High,General,sports,cmaia1503,2024-08-10 02:49:19,https://www.reddit.com/r/sports/comments/1eobc5q/paris_olympics_imane_khelif_boxer_engulfed_in/
[Post Game Thread] USA defeats France 98-87 behind LeBron's 14pts/6reb/10ast and Steph Curry's 24 point (8/12 3pt) performances to win their 17th gold medal in Olympic Men's Basketball,9533,1803,High,General,nba,awkotacos,2024-08-11 02:46:19,https://www.reddit.com/r/nba/comments/1ep3lgg/post_game_thread_usa_defeats_france_9887_behind/
Peter who's this guy and why does he have to do with the Olympic games,13136,1402,High,General,PeterExplainsTheJoke,Lechatdu136,2024-07-27 20:44:32,https://www.reddit.com/r/PeterExplainsTheJoke/comments/1edinoi/peter_whos_this_guy_and_why_does_he_have_to_do/
"Why in the olympic games, the shooting aren't unisex?",7996,2033,High,General,NoStupidQuestions,porqueami,2024-07-30 08:37:45,https://www.reddit.com/r/NoStupidQuestions/comments/1efiz2a/why_in_the_olympic_games_the_shooting_arent_unisex/
"GAME THREAD: France v USA – Olympic Basketball Tournament, Final",4633,27439,High,General,nba,NBA_MOD,2024-08-11 00:00:15,https://www.reddit.com/r/nba/comments/1eozxxr/game_thread_france_v_usa_olympic_basketball/
"Olympic track athlete Florence ""FloJo"" Griffith Joyner at the Indianapolis trials for the 1988 Seoul games. 22 of July of 1988.",6870,397,High,Athletics,OldSchoolCool,Electrical-Aspect-13,2024-12-18 05:09:26,https://www.reddit.com/r/OldSchoolCool/comments/1hgo7w2/olympic_track_athlete_florence_flojo_griffith/
"GAME THREAD: USA v Serbia – Olympic Basketball Tournament, Semi-Final",3837,28213,High,General,nba,NBA_MOD,2024-08-08 23:32:12,https://www.reddit.com/r/nba/comments/1encsof/game_thread_usa_v_serbia_olympic_basketball/
It should be an Olympic game and not breakdancing.,6399,525,High,General,impressively,Jonathan-Smith,2024-11-05 20:01:00,https://www.reddit.com/r/impressively/comments/1gk803r/it_should_be_an_olympic_game_and_not_breakdancing/
"I present you Novak Djokovic (37) the oldest tenis player ever to win Olympic games gold. The only one that he didn't have in his collection, till this day.",15434,578,High,General,Damnthatsinteresting,mikihak,2024-08-04 21:58:11,https://www.reddit.com/r/Damnthatsinteresting/comments/1ejza39/i_present_you_novak_djokovic_37_the_oldest_tenis/
IOC unanimously votes yes for Olympic Esports Games with massive implications for industry’s future,7158,957,High,General,gaming,121jigawatts,2024-07-24 00:26:01,https://www.reddit.com/r/gaming/comments/1eafulh/ioc_unanimously_votes_yes_for_olympic_esports/
British PM Keir Starmer sitting next to the Greek PM Kyriakos Mitsotakis during the Opening Ceremony of the Olympic Games,12866,562,High,Ceremonies,europe,Mike4992,2024-07-27 01:55:45,https://www.reddit.com/r/europe/comments/1ecy0on/british_pm_keir_starmer_sitting_next_to_the_greek/
"Olympic and commonwealth hurdle athlete, Wendy Jeal training for the 1988 Seoul Olympic games. Nicknamed ""the girl with the steel legs"" for her insane leg development (at the time).",11518,201,High,Teams,interestingasfuck,Electrical-Aspect-13,2025-01-11 02:40:44,https://www.reddit.com/r/interestingasfuck/comments/1hyf2zf/olympic_and_commonwealth_hurdle_athlete_wendy/
"TIL: During the parade of nations at the opening ceremony of the Olympic Games, Greece always enters the stadium first due to its status as the birthplace of the Olympics",25624,341,High,Ceremonies,todayilearned,OneGreatGodPan,2024-07-28 08:26:49,https://www.reddit.com/r/todayilearned/comments/1edxmj9/til_during_the_parade_of_nations_at_the_opening/
[Post Game Thread] France defeats Canada 82-73 behind Guerschon Yabusele's 22pts/5reb and Isaia Cordinier 20pts to face Germany in the Olympic semifinals,3997,1130,High,General,nba,50lipa,2024-08-06 23:34:33,https://www.reddit.com/r/nba/comments/1eloo3g/post_game_thread_france_defeats_canada_8273/
"Olympic officials try to crush U.S. probes of China doping, threaten Salt Lake Games",7384,559,High,General,sports,Original_Dogmeat,2024-07-25 01:02:37,https://www.reddit.com/r/sports/comments/1ebabxr/olympic_officials_try_to_crush_us_probes_of_china/
Hitler reacts to a kiss from an excited American woman at the 1936 Olympic Games,8888,896,High,General,interestingasfuck,ybatyolo,2024-04-21 17:27:11,https://www.reddit.com/r/interestingasfuck/comments/1c9g3r8/hitler_reacts_to_a_kiss_from_an_excited_american/
