source,target
https://en.wikipedia.org/wiki/Web_scraping,https://en.wikipedia.org/wiki/Main_Page
https://en.wikipedia.org/wiki/Web_scraping,https://en.wikipedia.org/wiki/Wikipedia:Contents
https://en.wikipedia.org/wiki/Web_scraping,https://en.wikipedia.org/wiki/Portal:Current_events
https://en.wikipedia.org/wiki/Web_scraping,https://en.wikipedia.org/wiki/Special:Random
https://en.wikipedia.org/wiki/Web_scraping,https://en.wikipedia.org/wiki/Wikipedia:About
https://en.wikipedia.org/wiki/Web_scraping,https://en.wikipedia.org/wiki/Help:Contents
https://en.wikipedia.org/wiki/Web_scraping,https://en.wikipedia.org/wiki/Help:Introduction
https://en.wikipedia.org/wiki/Web_scraping,https://en.wikipedia.org/wiki/Wikipedia:Community_portal
https://en.wikipedia.org/wiki/Web_scraping,https://en.wikipedia.org/wiki/Special:RecentChanges
https://en.wikipedia.org/wiki/Web_scraping,https://en.wikipedia.org/wiki/Wikipedia:File_upload_wizard
https://en.wikipedia.org/wiki/Web_scraping,https://en.wikipedia.org/wiki/Main_Page
https://en.wikipedia.org/wiki/Web_scraping,https://en.wikipedia.org/wiki/Special:Search
https://en.wikipedia.org/wiki/Web_scraping,https://en.wikipedia.org/wiki/Help:Introduction
https://en.wikipedia.org/wiki/Web_scraping,https://en.wikipedia.org/wiki/Special:MyContributions
https://en.wikipedia.org/wiki/Web_scraping,https://en.wikipedia.org/wiki/Special:MyTalk
https://en.wikipedia.org/wiki/Web_scraping,https://en.wikipedia.org/wiki/Web_scraping
https://en.wikipedia.org/wiki/Web_scraping,https://en.wikipedia.org/wiki/Talk:Web_scraping
https://en.wikipedia.org/wiki/Web_scraping,https://en.wikipedia.org/wiki/Web_scraping
https://en.wikipedia.org/wiki/Web_scraping,https://en.wikipedia.org/wiki/Web_scraping
https://en.wikipedia.org/wiki/Web_scraping,https://en.wikipedia.org/wiki/Special:WhatLinksHere/Web_scraping
https://en.wikipedia.org/wiki/Web_scraping,https://en.wikipedia.org/wiki/Special:RecentChangesLinked/Web_scraping
https://en.wikipedia.org/wiki/Web_scraping,https://en.wikipedia.org/wiki/Special:SpecialPages
https://en.wikipedia.org/wiki/Web_scraping,https://en.wikipedia.org/wiki/Data_scraping
https://en.wikipedia.org/wiki/Web_scraping,https://en.wikipedia.org/wiki/Scraper_site
https://en.wikipedia.org/wiki/Web_scraping,https://en.wikipedia.org/wiki/File:Question_book-new.svg
https://en.wikipedia.org/wiki/Web_scraping,https://en.wikipedia.org/wiki/Wikipedia:Verifiability
https://en.wikipedia.org/wiki/Web_scraping,https://en.wikipedia.org/wiki/Special:EditPage/Web_scraping
https://en.wikipedia.org/wiki/Web_scraping,https://en.wikipedia.org/wiki/Help:Referencing_for_beginners
https://en.wikipedia.org/wiki/Web_scraping,https://en.wikipedia.org/wiki/Help:Maintenance_template_removal
https://en.wikipedia.org/wiki/Web_scraping,https://en.wikipedia.org/wiki/Data_scraping
https://en.wikipedia.org/wiki/Web_scraping,https://en.wikipedia.org/wiki/Data_extraction
https://en.wikipedia.org/wiki/Web_scraping,https://en.wikipedia.org/wiki/Website
https://en.wikipedia.org/wiki/Web_scraping,https://en.wikipedia.org/wiki/World_Wide_Web
https://en.wikipedia.org/wiki/Web_scraping,https://en.wikipedia.org/wiki/Hypertext_Transfer_Protocol
https://en.wikipedia.org/wiki/Web_scraping,https://en.wikipedia.org/wiki/Internet_bot
https://en.wikipedia.org/wiki/Web_scraping,https://en.wikipedia.org/wiki/Web_crawler
https://en.wikipedia.org/wiki/Web_scraping,https://en.wikipedia.org/wiki/Database
https://en.wikipedia.org/wiki/Web_scraping,https://en.wikipedia.org/wiki/Spreadsheet
https://en.wikipedia.org/wiki/Web_scraping,https://en.wikipedia.org/wiki/Data_retrieval
https://en.wikipedia.org/wiki/Web_scraping,https://en.wikipedia.org/wiki/Data_analysis
https://en.wikipedia.org/wiki/Web_scraping,https://en.wikipedia.org/wiki/Parsing
https://en.wikipedia.org/wiki/Web_scraping,https://en.wikipedia.org/wiki/Contact_scraping
https://en.wikipedia.org/wiki/Web_scraping,https://en.wikipedia.org/wiki/Web_indexing
https://en.wikipedia.org/wiki/Web_scraping,https://en.wikipedia.org/wiki/Web_mining
https://en.wikipedia.org/wiki/Web_scraping,https://en.wikipedia.org/wiki/Data_mining
https://en.wikipedia.org/wiki/Web_scraping,https://en.wikipedia.org/wiki/Comparison_shopping_website
https://en.wikipedia.org/wiki/Web_scraping,https://en.wikipedia.org/wiki/Change_detection_and_notification
https://en.wikipedia.org/wiki/Web_scraping,https://en.wikipedia.org/wiki/Web_mashup
https://en.wikipedia.org/wiki/Web_scraping,https://en.wikipedia.org/wiki/Web_data_integration
https://en.wikipedia.org/wiki/Web_scraping,https://en.wikipedia.org/wiki/Web_page
https://en.wikipedia.org/wiki/Web_scraping,https://en.wikipedia.org/wiki/HTML
https://en.wikipedia.org/wiki/Web_scraping,https://en.wikipedia.org/wiki/XHTML
https://en.wikipedia.org/wiki/Web_scraping,https://en.wikipedia.org/wiki/End-user_(computer_science)
https://en.wikipedia.org/wiki/Web_scraping,https://en.wikipedia.org/wiki/Market_research
https://en.wikipedia.org/wiki/Web_scraping,https://en.wikipedia.org/wiki/Data_feed
https://en.wikipedia.org/wiki/Web_scraping,https://en.wikipedia.org/wiki/JSON
https://en.wikipedia.org/wiki/Web_scraping,https://en.wikipedia.org/wiki/Document_Object_Model
https://en.wikipedia.org/wiki/Web_scraping,https://en.wikipedia.org/wiki/Computer_vision
https://en.wikipedia.org/wiki/Web_scraping,https://en.wikipedia.org/wiki/Natural_language_processing
https://en.wikipedia.org/wiki/Web_scraping,https://en.wikipedia.org/wiki/History_of_the_World_Wide_Web
https://en.wikipedia.org/wiki/Web_scraping,https://en.wikipedia.org/wiki/World_Wide_Web_Wanderer
https://en.wikipedia.org/wiki/Web_scraping,https://en.wikipedia.org/wiki/JumpStation
https://en.wikipedia.org/wiki/Web_scraping,https://en.wikipedia.org/wiki/Application_programming_interface
https://en.wikipedia.org/wiki/Web_scraping,https://en.wikipedia.org/wiki/Salesforce.com
https://en.wikipedia.org/wiki/Web_scraping,https://en.wikipedia.org/wiki/EBay
https://en.wikipedia.org/wiki/Web_scraping,https://en.wikipedia.org/wiki/Semantic_web
https://en.wikipedia.org/wiki/Web_scraping,https://en.wikipedia.org/wiki/Human-computer_interaction
https://en.wikipedia.org/wiki/Web_scraping,https://en.wikipedia.org/wiki/Grep
https://en.wikipedia.org/wiki/Web_scraping,https://en.wikipedia.org/wiki/Regular_expression
https://en.wikipedia.org/wiki/Web_scraping,https://en.wikipedia.org/wiki/Perl
https://en.wikipedia.org/wiki/Web_scraping,https://en.wikipedia.org/wiki/Python_(programming_language)
https://en.wikipedia.org/wiki/Web_scraping,https://en.wikipedia.org/wiki/Static_web_page
https://en.wikipedia.org/wiki/Web_scraping,https://en.wikipedia.org/wiki/Dynamic_web_page
https://en.wikipedia.org/wiki/Web_scraping,https://en.wikipedia.org/wiki/Socket_programming
https://en.wikipedia.org/wiki/Web_scraping,https://en.wikipedia.org/wiki/Wrapper_(data_mining)
https://en.wikipedia.org/wiki/Web_scraping,https://en.wikipedia.org/wiki/Semi-structured_data
https://en.wikipedia.org/wiki/Web_scraping,https://en.wikipedia.org/wiki/XQuery
https://en.wikipedia.org/wiki/Web_scraping,https://en.wikipedia.org/wiki/Document_Object_Model
https://en.wikipedia.org/wiki/Web_scraping,https://en.wikipedia.org/wiki/Internet_Explorer
https://en.wikipedia.org/wiki/Web_scraping,https://en.wikipedia.org/wiki/Mozilla
https://en.wikipedia.org/wiki/Web_scraping,https://en.wikipedia.org/wiki/XPath
https://en.wikipedia.org/wiki/Web_scraping,https://en.wikipedia.org/wiki/Long_Tail
https://en.wikipedia.org/wiki/Web_scraping,https://en.wikipedia.org/wiki/Metadata
https://en.wikipedia.org/wiki/Web_scraping,https://en.wikipedia.org/wiki/Microformat
https://en.wikipedia.org/wiki/Web_scraping,https://en.wikipedia.org/wiki/Machine_learning
https://en.wikipedia.org/wiki/Web_scraping,https://en.wikipedia.org/wiki/Computer_vision
https://en.wikipedia.org/wiki/Web_scraping,https://en.wikipedia.org/wiki/Wikipedia:WikiProject_Countering_systemic_bias
https://en.wikipedia.org/wiki/Web_scraping,https://en.wikipedia.org/wiki/Talk:Web_scraping
https://en.wikipedia.org/wiki/Web_scraping,https://en.wikipedia.org/wiki/Help:Maintenance_template_removal
https://en.wikipedia.org/wiki/Web_scraping,https://en.wikipedia.org/wiki/Terms_of_service
https://en.wikipedia.org/wiki/Web_scraping,https://en.wikipedia.org/wiki/Cause_of_action
https://en.wikipedia.org/wiki/Web_scraping,https://en.wikipedia.org/wiki/Computer_Fraud_and_Abuse_Act
https://en.wikipedia.org/wiki/Web_scraping,https://en.wikipedia.org/wiki/Trespass_to_chattels
https://en.wikipedia.org/wiki/Web_scraping,"https://en.wikipedia.org/wiki/Feist_Publications,_Inc.,_v._Rural_Telephone_Service_Co."
https://en.wikipedia.org/wiki/Web_scraping,https://en.wikipedia.org/wiki/Trespass_to_chattels
https://en.wikipedia.org/wiki/Web_scraping,https://en.wikipedia.org/wiki/EBay_v._Bidder%27s_Edge
https://en.wikipedia.org/wiki/Web_scraping,https://en.wikipedia.org/wiki/Auction_sniping
https://en.wikipedia.org/wiki/Web_scraping,https://en.wikipedia.org/wiki/Personal_property
https://en.wikipedia.org/wiki/Web_scraping,https://en.wikipedia.org/wiki/Plaintiff
https://en.wikipedia.org/wiki/Web_scraping,https://en.wikipedia.org/wiki/Defendant
https://en.wikipedia.org/wiki/Web_scraping,https://en.wikipedia.org/wiki/Screen_scraping
https://en.wikipedia.org/wiki/Web_scraping,https://en.wikipedia.org/wiki/American_Airlines
https://en.wikipedia.org/wiki/Web_scraping,https://en.wikipedia.org/wiki/Injunction
https://en.wikipedia.org/wiki/Web_scraping,https://en.wikipedia.org/wiki/Southwest_Airlines
https://en.wikipedia.org/wiki/Web_scraping,https://en.wikipedia.org/wiki/US_Copyright_law
https://en.wikipedia.org/wiki/Web_scraping,https://en.wikipedia.org/wiki/Supreme_Court_of_the_United_States
https://en.wikipedia.org/wiki/Web_scraping,https://en.wikipedia.org/wiki/Yahoo!
https://en.wikipedia.org/wiki/Web_scraping,https://en.wikipedia.org/wiki/Craigslist_v._3Taps
https://en.wikipedia.org/wiki/Web_scraping,https://en.wikipedia.org/wiki/Computer_Fraud_and_Abuse_Act
https://en.wikipedia.org/wiki/Web_scraping,https://en.wikipedia.org/wiki/Cvent
https://en.wikipedia.org/wiki/Web_scraping,https://en.wikipedia.org/wiki/Eventbrite
https://en.wikipedia.org/wiki/Web_scraping,https://en.wikipedia.org/wiki/United_States_District_Court_for_the_Eastern_District_of_Virginia
https://en.wikipedia.org/wiki/Web_scraping,https://en.wikipedia.org/wiki/Browsewrap
https://en.wikipedia.org/wiki/Web_scraping,https://en.wikipedia.org/wiki/United_States_District_Court_for_the_Eastern_District_of_Pennsylvania
https://en.wikipedia.org/wiki/Web_scraping,https://en.wikipedia.org/wiki/QVC
https://en.wikipedia.org/wiki/Web_scraping,"https://en.wikipedia.org/wiki/Facebook,_Inc._v._Power_Ventures,_Inc."
https://en.wikipedia.org/wiki/Web_scraping,https://en.wikipedia.org/wiki/Electronic_Frontier_Foundation
https://en.wikipedia.org/wiki/Web_scraping,"https://en.wikipedia.org/wiki/Associated_Press_v._Meltwater_U.S._Holdings,_Inc."
https://en.wikipedia.org/wiki/Web_scraping,https://en.wikipedia.org/wiki/Ninth_Circuit
https://en.wikipedia.org/wiki/Web_scraping,https://en.wikipedia.org/wiki/HiQ_Labs_v._LinkedIn
https://en.wikipedia.org/wiki/Web_scraping,https://en.wikipedia.org/wiki/United_States_Supreme_Court
https://en.wikipedia.org/wiki/Web_scraping,https://en.wikipedia.org/wiki/Van_Buren_v._United_States
https://en.wikipedia.org/wiki/Web_scraping,https://en.wikipedia.org/wiki/Internet_Archive
https://en.wikipedia.org/wiki/Web_scraping,https://en.wikipedia.org/wiki/Wikipedia:Citation_needed
https://en.wikipedia.org/wiki/Web_scraping,https://en.wikipedia.org/wiki/Maritime_and_Commercial_Court_(Denmark)
https://en.wikipedia.org/wiki/Web_scraping,https://en.wikipedia.org/wiki/Inchoate_offense
https://en.wikipedia.org/wiki/Web_scraping,https://en.wikipedia.org/wiki/Ryanair
https://en.wikipedia.org/wiki/Web_scraping,https://en.wikipedia.org/wiki/Clickwrap
https://en.wikipedia.org/wiki/Web_scraping,https://en.wikipedia.org/wiki/Michael_Hanna_(judge)
https://en.wikipedia.org/wiki/Web_scraping,https://en.wikipedia.org/wiki/Spam_Act_2003
https://en.wikipedia.org/wiki/Web_scraping,"https://en.wikipedia.org/wiki/Information_Technology_Act,_2000#:~:text=From_Wikipedia,_the_free_encyclopedia_The_Information_Technology,in_India_dealing_with_cybercrime_and_electronic_commerce."
https://en.wikipedia.org/wiki/Web_scraping,https://en.wikipedia.org/wiki/IP_address
https://en.wikipedia.org/wiki/Web_scraping,https://en.wikipedia.org/wiki/Geolocation
https://en.wikipedia.org/wiki/Web_scraping,https://en.wikipedia.org/wiki/DNSBL
https://en.wikipedia.org/wiki/Web_scraping,https://en.wikipedia.org/wiki/Web_service
https://en.wikipedia.org/wiki/Web_scraping,https://en.wikipedia.org/wiki/Application_programming_interface
https://en.wikipedia.org/wiki/Web_scraping,https://en.wikipedia.org/wiki/User_agent
https://en.wikipedia.org/wiki/Web_scraping,https://en.wikipedia.org/wiki/String_(computer_science)
https://en.wikipedia.org/wiki/Web_scraping,https://en.wikipedia.org/wiki/Robots_exclusion_standard
https://en.wikipedia.org/wiki/Web_scraping,https://en.wikipedia.org/wiki/Googlebot
https://en.wikipedia.org/wiki/Web_scraping,https://en.wikipedia.org/wiki/CAPTCHA
https://en.wikipedia.org/wiki/Web_scraping,https://en.wikipedia.org/wiki/Application_firewall
https://en.wikipedia.org/wiki/Web_scraping,https://en.wikipedia.org/wiki/Honeypot_(computing)
https://en.wikipedia.org/wiki/Web_scraping,https://en.wikipedia.org/wiki/Obfuscation
https://en.wikipedia.org/wiki/Web_scraping,https://en.wikipedia.org/wiki/CSS_sprite
https://en.wikipedia.org/wiki/Web_scraping,https://en.wikipedia.org/wiki/Web_accessibility
https://en.wikipedia.org/wiki/Web_scraping,https://en.wikipedia.org/wiki/Screen_reader
https://en.wikipedia.org/wiki/Web_scraping,https://en.wikipedia.org/wiki/Robots_exclusion_standard
https://en.wikipedia.org/wiki/Web_scraping,https://en.wikipedia.org/wiki/Archive.today
https://en.wikipedia.org/wiki/Web_scraping,https://en.wikipedia.org/wiki/Comparison_of_feed_aggregators
https://en.wikipedia.org/wiki/Web_scraping,https://en.wikipedia.org/wiki/Data_scraping
https://en.wikipedia.org/wiki/Web_scraping,https://en.wikipedia.org/wiki/Data_wrangling
https://en.wikipedia.org/wiki/Web_scraping,https://en.wikipedia.org/wiki/Importer_(computing)
https://en.wikipedia.org/wiki/Web_scraping,https://en.wikipedia.org/wiki/Job_wrapping
https://en.wikipedia.org/wiki/Web_scraping,https://en.wikipedia.org/wiki/Knowledge_extraction
https://en.wikipedia.org/wiki/Web_scraping,https://en.wikipedia.org/wiki/OpenSocial
https://en.wikipedia.org/wiki/Web_scraping,https://en.wikipedia.org/wiki/Scraper_site
https://en.wikipedia.org/wiki/Web_scraping,https://en.wikipedia.org/wiki/Fake_news_website
https://en.wikipedia.org/wiki/Web_scraping,https://en.wikipedia.org/wiki/Spamdexing
https://en.wikipedia.org/wiki/Web_scraping,https://en.wikipedia.org/wiki/Domain_name_drop_list
https://en.wikipedia.org/wiki/Web_scraping,https://en.wikipedia.org/wiki/Text_corpus
https://en.wikipedia.org/wiki/Web_scraping,https://en.wikipedia.org/wiki/Web_archiving
https://en.wikipedia.org/wiki/Web_scraping,https://en.wikipedia.org/wiki/Web_crawler
https://en.wikipedia.org/wiki/Web_scraping,https://en.wikipedia.org/wiki/Offline_reader
https://en.wikipedia.org/wiki/Web_scraping,https://en.wikipedia.org/wiki/Link_farm
https://en.wikipedia.org/wiki/Web_scraping,https://en.wikipedia.org/wiki/Search_engine_scraping
https://en.wikipedia.org/wiki/Web_scraping,https://en.wikipedia.org/wiki/Category:Web_crawlers
https://en.wikipedia.org/wiki/Web_scraping,https://en.wikipedia.org/wiki/Doi_(identifier)
https://en.wikipedia.org/wiki/Web_scraping,https://en.wikipedia.org/wiki/ISSN_(identifier)
https://en.wikipedia.org/wiki/Web_scraping,https://en.wikipedia.org/wiki/S2CID_(identifier)
https://en.wikipedia.org/wiki/Web_scraping,https://en.wikipedia.org/wiki/Doi_(identifier)
https://en.wikipedia.org/wiki/Web_scraping,https://en.wikipedia.org/wiki/ISBN_(identifier)
https://en.wikipedia.org/wiki/Web_scraping,https://en.wikipedia.org/wiki/Special:BookSources/9781595936097
https://en.wikipedia.org/wiki/Web_scraping,https://en.wikipedia.org/wiki/S2CID_(identifier)
https://en.wikipedia.org/wiki/Web_scraping,https://en.wikipedia.org/wiki/Doi_(identifier)
https://en.wikipedia.org/wiki/Web_scraping,https://en.wikipedia.org/wiki/ISSN_(identifier)
https://en.wikipedia.org/wiki/Web_scraping,https://en.wikipedia.org/wiki/Template:Cite_journal
https://en.wikipedia.org/wiki/Web_scraping,https://en.wikipedia.org/wiki/Category:CS1_maint:_multiple_names:_authors_list
https://en.wikipedia.org/wiki/Web_scraping,https://en.wikipedia.org/wiki/Reuters
https://en.wikipedia.org/wiki/Web_scraping,https://en.wikipedia.org/wiki/Help:Category
https://en.wikipedia.org/wiki/Web_scraping,https://en.wikipedia.org/wiki/Category:Web_scraping
https://en.wikipedia.org/wiki/Web_scraping,https://en.wikipedia.org/wiki/Category:CS1_maint:_multiple_names:_authors_list
https://en.wikipedia.org/wiki/Web_scraping,https://en.wikipedia.org/wiki/Category:CS1_Danish-language_sources_(da)
https://en.wikipedia.org/wiki/Web_scraping,https://en.wikipedia.org/wiki/Category:CS1_French-language_sources_(fr)
https://en.wikipedia.org/wiki/Web_scraping,https://en.wikipedia.org/wiki/Category:Articles_with_short_description
https://en.wikipedia.org/wiki/Web_scraping,https://en.wikipedia.org/wiki/Category:Short_description_matches_Wikidata
https://en.wikipedia.org/wiki/Web_scraping,https://en.wikipedia.org/wiki/Category:Articles_needing_additional_references_from_April_2023
https://en.wikipedia.org/wiki/Web_scraping,https://en.wikipedia.org/wiki/Category:All_articles_needing_additional_references
https://en.wikipedia.org/wiki/Web_scraping,https://en.wikipedia.org/wiki/Category:Articles_with_limited_geographic_scope_from_October_2015
https://en.wikipedia.org/wiki/Web_scraping,https://en.wikipedia.org/wiki/Category:United_States-centric
https://en.wikipedia.org/wiki/Web_scraping,https://en.wikipedia.org/wiki/Category:All_articles_with_unsourced_statements
https://en.wikipedia.org/wiki/Web_scraping,https://en.wikipedia.org/wiki/Category:Articles_with_unsourced_statements_from_April_2023
https://en.wikipedia.org/wiki/Web_scraping,https://en.wikipedia.org/wiki/Wikipedia:Text_of_the_Creative_Commons_Attribution-ShareAlike_4.0_International_License
https://en.wikipedia.org/wiki/Web_scraping,https://en.wikipedia.org/wiki/Wikipedia:About
https://en.wikipedia.org/wiki/Web_scraping,https://en.wikipedia.org/wiki/Wikipedia:General_disclaimer
